{
    "EQUI_FEAT_regression_BrightnessShift_brightness_ImageNet_CLIP": {
        "cosine": 0.4578795220441879,
        "mse": 0.3493099976686915
    },
    "EQUI_FEAT_regression_BrightnessShift_brightness_ImageNet_DINO": {
        "cosine": 0.7017641492709992,
        "mse": 0.467513945641791
    },
    "EQUI_FEAT_regression_BrightnessShift_brightness_ImageNet_DINOvbase": {
        "cosine": 0.5549643149801121,
        "mse": 0.5541911540897029
    },
    "EQUI_FEAT_regression_BrightnessShift_brightness_ImageNet_DINOvlarge": {
        "cosine": 0.5809781019854697,
        "mse": 0.5048242344218454
    },
    "EQUI_FEAT_regression_BrightnessShift_brightness_ImageNet_DINOvsmall": {
        "cosine": 0.5709376416768238,
        "mse": 0.5332696946563235
    },
    "EQUI_FEAT_regression_BrightnessShift_brightness_ImageNet_ResNet101_ImageNet": {
        "cosine": 0.5960308488007564,
        "mse": 0.6318682739689092
    },
    "EQUI_FEAT_regression_BrightnessShift_brightness_ImageNet_ResNet18_ImageNet": {
        "cosine": 0.6514402741839171,
        "mse": 0.4834122720417703
    },
    "EQUI_FEAT_regression_BrightnessShift_brightness_ImageNet_ResNet34_ImageNet": {
        "cosine": 0.6537121815286624,
        "mse": 0.49679568837023086
    },
    "EQUI_FEAT_regression_BrightnessShift_brightness_ImageNet_ResNet50_ImageNet": {
        "cosine": 0.5852255942715201,
        "mse": 0.613630870914763
    },
    "EQUI_FEAT_regression_BrightnessShift_brightness_ImageNet_SimCLR": {
        "cosine": 0.8366898457715466,
        "mse": 0.28365867855442556
    },
    "EQUI_FEAT_regression_BrightnessShift_brightness_ImageNet_ViT_MAE": {
        "cosine": 0.5110169265680252,
        "mse": 0.5237312632001889
    },
    "EQUI_FEAT_regression_BrightnessShift_brightness_ImageNet_ViT_b_16_ImageNet": {
        "cosine": 0.544143854812452,
        "mse": 0.5241392085886305
    },
    "EQUI_FEAT_regression_BrightnessShift_brightness_ImageNet_ViT_b_32_ImageNet": {
        "cosine": 0.5097236561167772,
        "mse": 0.5288399824291278
    },
    "EQUI_FEAT_regression_BrightnessShift_brightness_ImageNet_ViT_l_16_ImageNet": {
        "cosine": 0.46560377376094747,
        "mse": 0.7155100355862053
    },
    "EQUI_FEAT_regression_BrightnessShift_brightness_ImageNet_ViT_l_32_ImageNet": {
        "cosine": 0.5143813600965367,
        "mse": 0.6048190553856504
    },
    "EQUI_FEAT_regression_HueShift_hue_ImageNet_CLIP": {
        "cosine": 0.3082610518689368,
        "mse": 0.4174625055425486
    },
    "EQUI_FEAT_regression_HueShift_hue_ImageNet_DINO": {
        "cosine": 0.31853548280752386,
        "mse": 0.739023942476625
    },
    "EQUI_FEAT_regression_HueShift_hue_ImageNet_DINOvbase": {
        "cosine": 0.23790338246306036,
        "mse": 0.8025789241881887
    },
    "EQUI_FEAT_regression_HueShift_hue_ImageNet_DINOvlarge": {
        "cosine": 0.2671280550728938,
        "mse": 0.7061508939524365
    },
    "EQUI_FEAT_regression_HueShift_hue_ImageNet_DINOvsmall": {
        "cosine": 0.28692796418241634,
        "mse": 0.7651856177172084
    },
    "EQUI_FEAT_regression_HueShift_hue_ImageNet_ResNet101_ImageNet": {
        "cosine": 0.019756373029890334,
        "mse": 1.1150288536290454
    },
    "EQUI_FEAT_regression_HueShift_hue_ImageNet_ResNet18_ImageNet": {
        "cosine": 0.22098225393113058,
        "mse": 0.8443691301497684
    },
    "EQUI_FEAT_regression_HueShift_hue_ImageNet_ResNet34_ImageNet": {
        "cosine": 0.15674916650079618,
        "mse": 0.9151017217879083
    },
    "EQUI_FEAT_regression_HueShift_hue_ImageNet_ResNet50_ImageNet": {
        "cosine": 0.09647277965667142,
        "mse": 1.060516200627491
    },
    "EQUI_FEAT_regression_HueShift_hue_ImageNet_SimCLR": {
        "cosine": 0.8015218358130971,
        "mse": 0.13027827137974418
    },
    "EQUI_FEAT_regression_HueShift_hue_ImageNet_ViT_MAE": {
        "cosine": 0.11488501309968863,
        "mse": 1.1314271828930849
    },
    "EQUI_FEAT_regression_HueShift_hue_ImageNet_ViT_b_16_ImageNet": {
        "cosine": 0.08323118598408001,
        "mse": 1.198571122376023
    },
    "EQUI_FEAT_regression_HueShift_hue_ImageNet_ViT_b_32_ImageNet": {
        "cosine": 0.07296694867360363,
        "mse": 1.1201547224810169
    },
    "EQUI_FEAT_regression_HueShift_hue_ImageNet_ViT_l_16_ImageNet": {
        "cosine": 0.13495767192476116,
        "mse": 1.5994634597924104
    },
    "EQUI_FEAT_regression_HueShift_hue_ImageNet_ViT_l_32_ImageNet": {
        "cosine": 0.09429154122710988,
        "mse": 1.3419098109956
    },
    "EQUI_FEAT_regression_SaturationShift_saturation_ImageNet_CLIP": {
        "cosine": 0.29170139580015925,
        "mse": 0.4284039308690721
    },
    "EQUI_FEAT_regression_SaturationShift_saturation_ImageNet_DINO": {
        "cosine": 0.30054643958996813,
        "mse": 0.7613054001407259
    },
    "EQUI_FEAT_regression_SaturationShift_saturation_ImageNet_DINOvbase": {
        "cosine": 0.2367899760508993,
        "mse": 0.8029402513412913
    },
    "EQUI_FEAT_regression_SaturationShift_saturation_ImageNet_DINOvlarge": {
        "cosine": 0.26708828871417195,
        "mse": 0.7054244139391905
    },
    "EQUI_FEAT_regression_SaturationShift_saturation_ImageNet_DINOvsmall": {
        "cosine": 0.2760634465012581,
        "mse": 0.7796398610066456
    },
    "EQUI_FEAT_regression_SaturationShift_saturation_ImageNet_ResNet101_ImageNet": {
        "cosine": 0.22089011805832007,
        "mse": 1.060768941025825
    },
    "EQUI_FEAT_regression_SaturationShift_saturation_ImageNet_ResNet18_ImageNet": {
        "cosine": 0.1961393178838074,
        "mse": 0.8960608821006337
    },
    "EQUI_FEAT_regression_SaturationShift_saturation_ImageNet_ResNet34_ImageNet": {
        "cosine": 0.14715148537022293,
        "mse": 0.9341433598737049
    },
    "EQUI_FEAT_regression_SaturationShift_saturation_ImageNet_ResNet50_ImageNet": {
        "cosine": 0.15402969233928973,
        "mse": 1.023006235717968
    },
    "EQUI_FEAT_regression_SaturationShift_saturation_ImageNet_SimCLR": {
        "cosine": 0.7926390824044586,
        "mse": 0.13409762070247322
    },
    "EQUI_FEAT_regression_SaturationShift_saturation_ImageNet_ViT_MAE": {
        "cosine": 0.09271434855878732,
        "mse": 1.0979762305119993
    },
    "EQUI_FEAT_regression_SaturationShift_saturation_ImageNet_ViT_b_16_ImageNet": {
        "cosine": 0.06547945056846187,
        "mse": 1.163150256606424
    },
    "EQUI_FEAT_regression_SaturationShift_saturation_ImageNet_ViT_b_32_ImageNet": {
        "cosine": 0.04671794267454345,
        "mse": 1.0885350609281261
    },
    "EQUI_FEAT_regression_SaturationShift_saturation_ImageNet_ViT_l_16_ImageNet": {
        "cosine": 0.10553211524228381,
        "mse": 1.4290037064035988
    },
    "EQUI_FEAT_regression_SaturationShift_saturation_ImageNet_ViT_l_32_ImageNet": {
        "cosine": 0.07627839495421974,
        "mse": 1.2971622655346136
    },
    "EQUI_FEAT_regression_linear_BrightnessShift_brightness_ImageNet_CLIP": {
        "cosine": 0.4806258086186306,
        "mse": 0.30425998359728773
    },
    "EQUI_FEAT_regression_linear_BrightnessShift_brightness_ImageNet_DINO": {
        "cosine": 0.6792724998133957,
        "mse": 0.4176295914088085
    },
    "EQUI_FEAT_regression_linear_BrightnessShift_brightness_ImageNet_DINOvbase": {
        "cosine": 0.500905565205653,
        "mse": 0.8165509970324814
    },
    "EQUI_FEAT_regression_linear_BrightnessShift_brightness_ImageNet_DINOvlarge": {
        "cosine": 0.51910789149582,
        "mse": 0.8475052721940788
    },
    "EQUI_FEAT_regression_linear_BrightnessShift_brightness_ImageNet_DINOvsmall": {
        "cosine": 0.5773609795008495,
        "mse": 0.6539081321780089
    },
    "EQUI_FEAT_regression_linear_BrightnessShift_brightness_ImageNet_ResNet101_ImageNet": {
        "cosine": 0.4634823161325637,
        "mse": 0.9229546341167134
    },