{
    "EQUI_PARA_regression_BrightnessShift_brightness_ImageNet_CLIP": {
        "avg_loss": 0.19681811866028148,
        "mae": 0.32753209771215913,
        "mse": 0.19681811866028148
    },
    "EQUI_PARA_regression_BrightnessShift_brightness_ImageNet_DINO": {
        "avg_loss": 0.24994667619672417,
        "mae": 0.40621396896243095,
        "mse": 0.24994667619672417
    },
    "EQUI_PARA_regression_BrightnessShift_brightness_ImageNet_IJEPA": {
        "avg_loss": 0.1868383543044838,
        "mae": 0.30383279419690373,
        "mse": 0.1868383543044838
    },
    "EQUI_PARA_regression_BrightnessShift_brightness_ImageNet_ResNet50_ImageNet": {
        "avg_loss": 0.3143207283889151,
        "mae": 0.46976301205158233,
        "mse": 0.3143207283889151
    },
    "EQUI_PARA_regression_BrightnessShift_brightness_ImageNet_SimCLR": {
        "avg_loss": 0.2096714813778799,
        "mae": 0.33395563742518425,
        "mse": 0.2096714813778799
    },
    "EQUI_PARA_regression_BrightnessShift_brightness_ImageNet_ViT_ImageNet": {
        "avg_loss": 0.22825992839712397,
        "mae": 0.36872978365421294,
        "mse": 0.22825992839712397
    },
    "EQUI_PARA_regression_BrightnessShift_brightness_ImageNet_ViT_MAE": {
        "avg_loss": 0.22392856600673963,
        "mae": 0.38624031499028205,
        "mse": 0.22392856600673963
    },
    "EQUI_PARA_regression_HueShift_hue_ImageNet_CLIP": {
        "avg_loss": 0.04835437798620387,
        "mae": 0.16359584666602314,
        "mse": 0.04835437798620387
    },
    "EQUI_PARA_regression_HueShift_hue_ImageNet_DINO": {
        "avg_loss": 0.08364572514339261,
        "mae": 0.24817764554731547,
        "mse": 0.08364572514339261
    },
    "EQUI_PARA_regression_HueShift_hue_ImageNet_ResNet50_ImageNet": {
        "avg_loss": 0.05721139192958981,
        "mae": 0.18699946101754905,
        "mse": 0.05721139192958981
    },
    "EQUI_PARA_regression_HueShift_hue_ImageNet_SimCLR": {
        "avg_loss": 0.08364415853306537,
        "mae": 0.24817541313543917,
        "mse": 0.08364415853306537
    },
    "EQUI_PARA_regression_HueShift_hue_ImageNet_ViT_ImageNet": {
        "avg_loss": 0.04397605474191695,
        "mae": 0.1621759245544672,
        "mse": 0.04397605474191695
    },
    "EQUI_PARA_regression_HueShift_hue_ImageNet_ViT_MAE": {
        "avg_loss": 0.04936984773409964,
        "mae": 0.17074221442267298,
        "mse": 0.04936984773409964
    },
    "EQUI_PARA_regression_SaturationShift_saturation_ImageNet_CLIP": {
        "avg_loss": 0.12021829921861354,
        "mae": 0.2215478557124734,
        "mse": 0.12021829921861354
    },
    "EQUI_PARA_regression_SaturationShift_saturation_ImageNet_DINO": {
        "avg_loss": 0.24968086187368851,
        "mae": 0.3368617197573185,
        "mse": 0.24968086187368851
    },
    "EQUI_PARA_regression_SaturationShift_saturation_ImageNet_IJEPA": {
        "avg_loss": 0.09465250394879927,
        "mae": 0.20042422805726529,
        "mse": 0.09465250394879927
    },
    "EQUI_PARA_regression_SaturationShift_saturation_ImageNet_ResNet50_ImageNet": {
        "avg_loss": 0.5018402840168256,
        "mae": 0.518825975432992,
        "mse": 0.5018402840168256
    },
    "EQUI_PARA_regression_SaturationShift_saturation_ImageNet_SimCLR": {
        "avg_loss": 0.8843347283212352,
        "mae": 0.725654123686254,
        "mse": 0.8843347283212352
    },
    "EQUI_PARA_regression_SaturationShift_saturation_ImageNet_ViT_ImageNet": {
        "avg_loss": 0.23398426993868598,
        "mae": 0.33291885528713466,
        "mse": 0.23398426993868598
    },
    "EQUI_PARA_regression_SaturationShift_saturation_ImageNet_ViT_MAE": {
        "avg_loss": 0.26088555284802717,
        "mae": 0.34409173658490183,
        "mse": 0.26088555284802717
    },
    "EQUI_PARA_regression_linear_BrightnessShift_brightness_ImageNet_CLIP": {
        "avg_loss": 0.21398127366587708,
        "mae": 0.3466083795726299,
        "mse": 0.21398127366587708
    },
    "EQUI_PARA_regression_linear_BrightnessShift_brightness_ImageNet_DINO": {
        "avg_loss": 0.2607263355609294,
        "mae": 0.41594224953651426,
        "mse": 0.2607263355609294
    },
    "EQUI_PARA_regression_linear_BrightnessShift_brightness_ImageNet_IJEPA": {
        "avg_loss": 0.2194212538937718,
        "mae": 0.3511818118393421,
        "mse": 0.2194212538937718
    },
    "EQUI_PARA_regression_linear_BrightnessShift_brightness_ImageNet_ResNet50_ImageNet": {
        "avg_loss": 0.3268263553129509,
        "mae": 0.47895820486545565,
        "mse": 0.3268263553129509
    },
    "EQUI_PARA_regression_linear_BrightnessShift_brightness_ImageNet_SimCLR": {
        "avg_loss": 0.2706040055351732,
        "mae": 0.396268256559968,
        "mse": 0.2706040055351732
    },
    "EQUI_PARA_regression_linear_BrightnessShift_brightness_ImageNet_ViT_ImageNet": {
        "avg_loss": 0.24356139376699867,
        "mae": 0.38626095014810563,
        "mse": 0.24356139376699867
    },
    "EQUI_PARA_regression_linear_BrightnessShift_brightness_ImageNet_ViT_MAE": {
        "avg_loss": 0.2891914288252201,
        "mae": 0.4226449753940105,
        "mse": 0.2891914288252201
    },
    "EQUI_PARA_regression_linear_HueShift_hue_ImageNet_CLIP": {
        "avg_loss": 0.05242679256159511,
        "mae": 0.17493913798779248,
        "mse": 0.05242679256159511
    },
    "EQUI_PARA_regression_linear_HueShift_hue_ImageNet_DINO": {
        "avg_loss": 0.07950301799188332,
        "mae": 0.23086635991185903,
        "mse": 0.07950301799188332
    },
    "EQUI_PARA_regression_linear_HueShift_hue_ImageNet_IJEPA": {
        "avg_loss": 0.049870382789542415,
        "mae": 0.17238194386288525,
        "mse": 0.049870382789542415
    },
    "EQUI_PARA_regression_linear_HueShift_hue_ImageNet_ResNet50_ImageNet": {
        "avg_loss": 0.07246164903106546,
        "mae": 0.21320485105365514,
        "mse": 0.07246164903106546
    },
    "EQUI_PARA_regression_linear_HueShift_hue_ImageNet_SimCLR": {
        "avg_loss": 0.14859848306337153,
        "mae": 0.2979719034731388,
        "mse": 0.14859848306337153
    },
    "EQUI_PARA_regression_linear_HueShift_hue_ImageNet_ViT_ImageNet": {
        "avg_loss": 0.06328151829849173,
        "mae": 0.19858390451967717,
        "mse": 0.06328151829849173
    },
    "EQUI_PARA_regression_linear_HueShift_hue_ImageNet_ViT_MAE": {
        "avg_loss": 0.09158586373596427,
        "mae": 0.23895992252230644,
        "mse": 0.09158586373596427
    },
    "EQUI_PARA_regression_linear_SaturationShift_saturation_ImageNet_CLIP": {
        "avg_loss": 0.41079028699575426,
        "mae": 0.4982635096013546,
        "mse": 0.41079028699575426
    },
    "EQUI_PARA_regression_linear_SaturationShift_saturation_ImageNet_DINO": {
        "avg_loss": 0.49336041742379894,
        "mae": 0.5207595472633839,
        "mse": 0.49336041742379894
    },
    "EQUI_PARA_regression_linear_SaturationShift_saturation_ImageNet_IJEPA": {
        "avg_loss": 0.447564523299603,
        "mae": 0.5080745797157288,
        "mse": 0.447564523299603
    },
    "EQUI_PARA_regression_linear_SaturationShift_saturation_ImageNet_ResNet50_ImageNet": {
        "avg_loss": 0.9185885624541915,
        "mae": 0.7500233236551285,
        "mse": 0.9185885624541915
    },
    "EQUI_PARA_regression_linear_SaturationShift_saturation_ImageNet_SimCLR": {
        "avg_loss": 1.0264157362543047,
        "mae": 0.8279617932438851,
        "mse": 1.0264157362543047
    },
    "EQUI_PARA_regression_linear_SaturationShift_saturation_ImageNet_ViT_ImageNet": {
        "avg_loss": 0.6293732189066359,
        "mae": 0.6011667290925979,
        "mse": 0.6293732189066359
    },
    "EQUI_PARA_regression_linear_SaturationShift_saturation_ImageNet_ViT_MAE": {
        "avg_loss": 0.6420661058832166,
        "mae": 0.638324267461896,
        "mse": 0.6420661058832166
    },
    "INFO_DOWN_regression_ImageNet_brightness_CLIP": {
        "MSE": 355.88019021596574
    },