{
    "2_EQUI_FEAT_regression_AddWhiteNoise_dummy_LibriSpeech_AudioMAE": {
        "cosine": 0.5081989353611356,
        "mse": 0.07390681799678575
    },
    "2_EQUI_FEAT_regression_AddWhiteNoise_dummy_LibriSpeech_CLAP": {
        "cosine": 0.6441424523081098,
        "mse": 0.30841816067695615
    },
    "2_EQUI_FEAT_regression_AddWhiteNoise_dummy_LibriSpeech_HuBERT": {
        "cosine": 0.6957765528133937,
        "mse": 0.3219608370746885
    },
    "2_EQUI_FEAT_regression_AddWhiteNoise_dummy_LibriSpeech_MDuo": {
        "cosine": 0.6216475878443036,
        "mse": 0.38700027749651955
    },
    "2_EQUI_FEAT_regression_AddWhiteNoise_dummy_LibriSpeech_UniSpeech": {
        "cosine": 0.7410020271937052,
        "mse": 0.2868152130217779
    },
    "2_EQUI_FEAT_regression_AddWhiteNoise_dummy_LibriSpeech_Wav2Vec2": {
        "cosine": 0.6518000176974705,
        "mse": 0.31175055887017933
    },
    "2_EQUI_FEAT_regression_AddWhiteNoise_dummy_LibriSpeech_Whisper": {
        "cosine": 0.4773843969617571,
        "mse": 0.14951284584544955
    },
    "2_EQUI_FEAT_regression_AddWhiteNoise_dummy_LibriSpeech_XVector": {
        "cosine": 0.894785688036964,
        "mse": 0.07000142974512917
    },
    "2_EQUI_FEAT_regression_PitchShift_dummy_LibriSpeech_AudioMAE": {
        "cosine": 0.5349173327287038,
        "mse": 0.04908379064429374
    },
    "2_EQUI_FEAT_regression_PitchShift_dummy_LibriSpeech_CLAP": {
        "cosine": 0.5568897485733032,
        "mse": 0.4230019980952853
    },
    "2_EQUI_FEAT_regression_PitchShift_dummy_LibriSpeech_HuBERT": {
        "cosine": 0.6964064478874207,
        "mse": 0.17718566741262162
    },
    "2_EQUI_FEAT_regression_PitchShift_dummy_LibriSpeech_MDuo": {
        "cosine": 0.6131428582327706,
        "mse": 0.14465511029674893
    },
    "2_EQUI_FEAT_regression_PitchShift_dummy_LibriSpeech_UniSpeech": {
        "cosine": 0.8696744345483326,
        "mse": 0.08655901494480314
    },
    "2_EQUI_FEAT_regression_PitchShift_dummy_LibriSpeech_Wav2Vec2": {
        "cosine": 0.7577709987050011,
        "mse": 0.1330623442218417
    },
    "2_EQUI_FEAT_regression_PitchShift_dummy_LibriSpeech_Whisper": {
        "cosine": 0.5659353701841263,
        "mse": 0.05462277510336467
    },
    "2_EQUI_FEAT_regression_PitchShift_dummy_LibriSpeech_XVector": {
        "cosine": 0.8856035096304757,
        "mse": 0.05940401117716517
    },
    "2_EQUI_FEAT_regression_TimeStretch_dummy_LibriSpeech_AudioMAE": {
        "cosine": 0.6563558885029384,
        "mse": 0.04709993542305061
    },
    "2_EQUI_FEAT_regression_TimeStretch_dummy_LibriSpeech_HuBERT": {
        "cosine": 0.7074356272107079,
        "mse": 0.2524718859366008
    },
    "2_EQUI_FEAT_regression_TimeStretch_dummy_LibriSpeech_MDuo": {
        "cosine": 0.6787371039390564,
        "mse": 0.1290302832921346
    },
    "2_EQUI_FEAT_regression_TimeStretch_dummy_LibriSpeech_UniSpeech": {
        "cosine": 0.8647275107247488,
        "mse": 0.08907828494196847
    },
    "2_EQUI_FEAT_regression_TimeStretch_dummy_LibriSpeech_Wav2Vec2": {
        "cosine": 0.7690636941364833,
        "mse": 0.12283378335691633
    },
    "2_EQUI_FEAT_regression_TimeStretch_dummy_LibriSpeech_Whisper": {
        "cosine": 0.5440963563464937,
        "mse": 0.08345709003153301
    },
    "2_EQUI_FEAT_regression_TimeStretch_dummy_LibriSpeech_XVector": {
        "cosine": 0.8962812571298509,
        "mse": 0.06280754229852131
    },
    "2_EQUI_FEAT_regression_linear_AddWhiteNoise_dummy_LibriSpeech_AudioMAE": {
        "cosine": 0.5437071709405809,
        "mse": 0.06743207463905924
    },
    "2_EQUI_FEAT_regression_linear_AddWhiteNoise_dummy_LibriSpeech_HuBERT": {
        "cosine": 0.47132594557035534,
        "mse": 0.8332393714359828
    },
    "2_EQUI_FEAT_regression_linear_AddWhiteNoise_dummy_LibriSpeech_MDuo": {
        "cosine": 0.5786565596149081,
        "mse": 0.46841254716827757
    },
    "2_EQUI_FEAT_regression_linear_AddWhiteNoise_dummy_LibriSpeech_UniSpeech": {
        "cosine": 0.7121368521735781,
        "mse": 0.3182659377654394
    },
    "2_EQUI_FEAT_regression_linear_AddWhiteNoise_dummy_LibriSpeech_Wav2Vec2": {
        "cosine": 0.6231719579015459,
        "mse": 0.3136941755101794
    },
    "2_EQUI_FEAT_regression_linear_AddWhiteNoise_dummy_LibriSpeech_Whisper": {
        "cosine": 0.5232959015028817,
        "mse": 0.11755690340484892
    },
    "2_EQUI_FEAT_regression_linear_AddWhiteNoise_dummy_LibriSpeech_XVector": {
        "cosine": 0.9097799085435413,
        "mse": 0.0564625261085374
    },
    "2_EQUI_FEAT_regression_linear_PitchShift_dummy_LibriSpeech_AudioMAE": {
        "cosine": 0.6819289633205958,
        "mse": 0.02897178681478614
    },
    "2_EQUI_FEAT_regression_linear_PitchShift_dummy_LibriSpeech_HuBERT": {
        "cosine": 0.688873237087613,
        "mse": 0.16576877591155825
    },
    "2_EQUI_FEAT_regression_linear_PitchShift_dummy_LibriSpeech_MDuo": {
        "cosine": 0.4806079963843028,
        "mse": 0.22828971871307918
    },
    "2_EQUI_FEAT_regression_linear_PitchShift_dummy_LibriSpeech_Wav2Vec2": {
        "cosine": 0.7607536117235819,
        "mse": 0.12065757584004175
    },
    "2_EQUI_FEAT_regression_linear_PitchShift_dummy_LibriSpeech_Whisper": {
        "cosine": 0.653067333925338,
        "mse": 0.03618680628992262
    },
    "2_EQUI_FEAT_regression_linear_PitchShift_dummy_LibriSpeech_XVector": {
        "cosine": 0.8851995979036603,
        "mse": 0.057232003481615154
    },
    "2_EQUI_FEAT_regression_linear_TimeStretch_dummy_LibriSpeech_AudioMAE": {
        "cosine": 0.7146587564831688,
        "mse": 0.041790094616867245
    },
    "2_EQUI_FEAT_regression_linear_TimeStretch_dummy_LibriSpeech_MDuo": {
        "cosine": 0.6587946324121384,
        "mse": 0.11358323097229003
    },
    "2_EQUI_FEAT_regression_linear_TimeStretch_dummy_LibriSpeech_Whisper": {
        "cosine": 0.6023501929782685,
        "mse": 0.06122851620117823
    },
    "2_EQUI_FEAT_regression_linear_TimeStretch_dummy_LibriSpeech_XVector": {
        "cosine": 0.9151036688259669,
        "mse": 0.04553905285540081
    }
}